,Material,P-Value Acc,P-Value F4,P-Value F5,P-Value F6,P-Value B R2,P-Value B MAE,P-Value MD R2,P-Value MD MAE
0,Ti,0.0035889055532021094,0.18418074965866182,0.01237422010582018,0.008967599455194583,NA,8.857457687863547e-05,0.05222204238661496,8.857457687863547e-05
1,V,0.00016285576606790404,0.002495007691836849,0.0006806104529480628,0.0001890120699314349,NA,8.857457687863547e-05,0.030365113315399057,8.857457687863547e-05
2,Cr,0.0006806104529480628,0.24613691576742636,0.0022039368924026215,0.00039023125084089363,NA,8.857457687863547e-05,0.002495007691836849,8.857457687863547e-05
3,Mn,8.857457687863547e-05,0.00010334649564653764,8.857457687863547e-05,8.857457687863547e-05,NA,8.857457687863547e-05,0.002495007691836849,8.857457687863547e-05
4,Fe,8.857457687863547e-05,0.0001318338889828333,8.857457687863547e-05,0.00010334649564653764,NA,8.857457687863547e-05,0.030365113315399057,8.857457687863547e-05
5,Co,0.00010334649564653764,0.44450890263539566,0.0001890120699314349,8.857457687863547e-05,NA,8.857457687863547e-05,0.00010334649564653764,8.857457687863547e-05
6,Ni,8.857457687863547e-05,0.001176563999937216,8.857457687863547e-05,0.00010334649564653764,NA,8.857457687863547e-05,0.0008918026969621409,8.857457687863547e-05
7,Cu,0.00010334649564653764,8.857457687863547e-05,8.857457687863547e-05,0.00016285576606790404,NA,8.857457687863547e-05,0.0015072868413933233,8.857457687863547e-05
