,Material,P-Value Acc,P-Value F4,P-Value F5,P-Value F6,P-Value B R2,P-Value B MAE,P-Value MD R2,P-Value MD MAE
0,Ti,9.711048976071607e-05,5.896675803378053e-06,0.0006639212842644785,0.003854236286879128,NA,1.7343976283205784e-06,1.7343976283205784e-06,1.7343976283205784e-06
1,V,9.315658591105142e-06,0.006835856425301226,5.7924461897570095e-05,1.9209211049031396e-06,NA,1.7343976283205784e-06,8.466081690383873e-06,1.7343976283205784e-06
2,Cr,1.7343976283205784e-06,4.580032436608647e-05,1.7343976283205784e-06,1.7343976283205784e-06,NA,1.7343976283205784e-06,1.9209211049031396e-06,1.7343976283205784e-06
3,Mn,1.9209211049031396e-06,1.7343976283205784e-06,1.7343976283205784e-06,4.729202337447058e-06,NA,1.7343976283205784e-06,1.9209211049031396e-06,1.7343976283205784e-06
4,Fe,1.7343976283205784e-06,1.7343976283205784e-06,1.7343976283205784e-06,2.878599219394298e-06,NA,1.7343976283205784e-06,1.7343976283205784e-06,1.7343976283205784e-06
5,Co,1.7343976283205784e-06,4.285685869189864e-06,1.7343976283205784e-06,1.7343976283205784e-06,NA,1.7343976283205784e-06,1.7343976283205784e-06,1.7343976283205784e-06
6,Ni,1.7333066441991056e-06,3.5149630812742274e-06,1.7343976283205784e-06,1.7343976283205784e-06,NA,1.7343976283205784e-06,1.7343976283205784e-06,1.7343976283205784e-06
7,Cu,2.1266360107314253e-06,1.7343976283205784e-06,2.1266360107314253e-06,3.181679410969855e-06,NA,1.7343976283205784e-06,1.7343976283205784e-06,1.7343976283205784e-06
