,Material,P-Value Acc,P-Value F4,P-Value F5,P-Value F6,P-Value B R2,P-Value B MAE,P-Value MD R2,P-Value MD MAE
0,Ti,1.9073486328125e-06,1.9073486328125e-06,1.9073486328125e-06,8.20159912109375e-05,1.9073486328125e-06,1.9073486328125e-06,1.9073486328125e-06,1.9073486328125e-06
1,V,1.9073486328125e-06,1.9073486328125e-06,1.9073486328125e-06,1.9073486328125e-05,1.9073486328125e-06,1.9073486328125e-06,1.9073486328125e-06,3.814697265625e-06
2,Cr,9.5367431640625e-06,1.9073486328125e-06,3.814697265625e-06,6.29425048828125e-05,1.9073486328125e-06,1.9073486328125e-06,1.9073486328125e-06,0.10539817810058594
3,Mn,1.9073486328125e-06,1.9073486328125e-06,1.9073486328125e-06,4.76837158203125e-05,1.9073486328125e-06,1.9073486328125e-06,1.9073486328125e-06,1.9073486328125e-06
4,Fe,3.814697265625e-06,1.9073486328125e-06,3.814697265625e-06,6.29425048828125e-05,1.9073486328125e-06,1.9073486328125e-06,1.9073486328125e-06,1.9073486328125e-06
5,Co,3.62396240234375e-05,9.5367431640625e-06,1.9073486328125e-06,0.039989471435546875,1.9073486328125e-06,1.9073486328125e-06,1.9073486328125e-06,1.33514404296875e-05
6,Ni,1.9073486328125e-06,0.0001049041748046875,1.9073486328125e-06,1.9073486328125e-06,1.9073486328125e-06,1.9073486328125e-06,1.9073486328125e-06,0.03623390197753906
7,Cu,3.814697265625e-06,3.814697265625e-06,5.7220458984375e-06,9.5367431640625e-06,1.9073486328125e-06,1.9073486328125e-06,1.33514404296875e-05,0.0005855560302734375
