"V, DL prediction:",P,C,R
Coord,5.0,5.0,5.0
Bader,1.0985261287977703,1.1090451724090291,1.1069385279657304
MeanDist,2.0896223834594285,2.080483109251297,2.0786631884963094
