"V, RF prediction:",P,C,R
Coord,5.0,5.0,5.0
Bader,1.7925673461627867,1.7826184892579218,1.7833415432459094
MeanDist,2.1373002488354187,2.1306263282925433,2.1327826517728368
